<application>
  <component name="FindSettings">
    <option name="customScope" value="All Places" />
    <option name="defaultScopeName" value="All Places" />
    <option name="wholeWordsOnly" value="true" />
    <option name="WHOLE_WORDS_ONLY" value="true" />
    <option name="SEARCH_SCOPE" value="All Places" />
    <mask>*.html</mask>
    <mask>*.jsp</mask>
    <mask>*.js</mask>
    <mask>*.as</mask>
    <mask>*.css</mask>
    <mask>*.properties</mask>
    <mask>*.mxml</mask>
    <mask>*.java</mask>
    <mask>strings.xml</mask>
    <mask>*.gradle</mask>
    <mask>*.xml</mask>
  </component>
</application>