<application>
  <component name="MaterialThemeConfig">
    <option name="allowDataCollection" value="true" />
    <option name="isCompactStatusBar" value="true" />
    <option name="isWizardShown" value="true" />
    <option name="accentColor" value="2979ff" />
    <option name="highlightColor" value="80cbc4" />
    <option name="selectedTheme" value="ARC_DARK" />
    <option name="userId" value="45e764ee:16744f7e3b3:-8000" />
    <option name="version" value="3.10.0" />
  </component>
</application>